,A,B,C,G,R,X6,X8
0,10,636.45,589.8,82.22,740,25.6757,0.1746
1,10,641.12,589.8,82.22,584,39.5548,0.1386
2,9,659.55,609.8,81.11,417,46.5228,0.2116
3,9,653.65,589.8,81.11,410,51.2195,0.2086
4,10,631.09,579.81,82.22,589,50.2547,0.2067
5,9,632.01,579.81,84.54,312,27.2436,0.1406
6,8,634.9,569.81,84.54,532,13.9098,0.14
7,10,631.53,569.81,85.74,323,40.2477,0.1377
8,7,656.14,599.8,82.22,435,26.6667,0.1386
9,7,680.01,629.79,80.03,451,87.5831,0.1401
10,9,699.28,639.79,77.95,642,42.5234,0.1395
11,9,671.2,619.79,77.95,657,21.309,0.1419
12,9,656.6,599.8,81.11,544,26.2868,0.1385
13,10,671.87,599.8,81.11,605,20.0,0.1731
14,10,657.22,599.8,83.36,375,53.3333,0.1415
15,10,676.2,599.8,75.97,790,39.3671,0.1408
16,8,704.16,639.79,75.97,1205,17.4274,0.2078
17,7,701.02,639.79,78.97,705,28.7943,0.214
18,10,667.92,569.81,80.03,695,43.0216,0.1393
19,9,636.9,569.81,80.03,537,57.7281,0.1396
20,11,639.79,579.81,80.03,569,56.239,0.1389
21,12,662.57,589.8,77.95,632,14.8734,0.2106
22,11,695.87,599.8,75.97,1527,24.2305,0.1402
23,11,715.01,639.79,75.97,641,48.6739,0.1399
24,11,696.84,619.79,76.95,948,45.4641,0.245
25,10,669.31,589.8,80.03,652,73.773,0.1737
26,9,654.9,589.8,82.22,687,27.802,0.142
27,9,663.03,599.8,83.36,562,53.9146,0.1754
28,11,681.24,629.79,81.11,441,58.9569,0.179
29,11,681.68,599.8,78.97,718,63.9276,0.1746
30,9,681.97,599.8,78.97,581,63.8554,0.1431
31,9,699.28,629.79,77.95,576,59.375,0.1395
32,7,698.79,629.79,77.95,643,43.8569,0.1396
33,10,674.54,589.8,80.03,970,27.3196,0.1765
34,11,626.53,569.81,82.22,361,39.3352,0.2429
35,11,597.93,549.82,89.58,360,38.8889,0.1742
36,9,593.07,539.82,89.58,581,14.4578,0.1721
37,9,607.51,539.82,86.99,547,21.2066,0.1715
38,8,622.4,549.82,86.99,592,16.2162,0.1397
39,8,620.01,569.81,88.26,210,27.1429,0.1403
40,9,618.71,569.81,85.74,431,17.1694,0.1405
41,9,634.01,569.81,85.74,331,34.139,0.1753
42,7,629.14,569.81,85.74,299,37.1237,0.1382
43,9,615.75,569.81,90.94,185,48.1081,0.1382
44,8,623.05,559.81,88.26,375,30.4,0.2094
45,9,613.2,559.81,88.26,396,29.2929,0.1388
46,9,618.73,559.81,88.26,364,29.3956,0.1719
47,9,640.01,579.81,83.36,591,31.4721,0.1736
48,10,641.38,579.81,83.36,404,46.7822,0.1417
49,8,664.89,559.81,44.13,15011,90.1472,0.1749
50,11,673.96,559.81,44.13,16133,85.0369,0.1725
51,12,652.96,589.8,81.11,508,74.2126,0.174
52,11,644.56,589.8,83.36,524,45.6107,0.1763
53,9,638.9,569.81,85.74,431,25.9861,0.313
54,10,614.58,539.82,86.99,213,67.1362,0.2122
55,11,608.95,539.82,81.11,342,30.7018,0.1398
56,9,665.36,469.84,76.95,1732,77.1363,0.2796
57,10,718.01,429.86,58.84,3183,75.3377,0.1741
58,12,736.33,429.86,58.84,2421,66.8319,0.3574
59,9,716.01,589.8,70.61,2399,25.8441,0.1746
60,9,741.59,589.8,72.31,1931,27.2398,0.1774
61,8,791.13,689.77,68.99,991,90.6155,0.1404
62,8,779.18,679.77,68.99,1326,65.7617,0.1426
63,8,754.61,639.79,68.2,1322,49.9244,0.1791
64,8,765.69,639.79,69.79,627,50.8772,0.1412
65,8,772.45,679.77,70.61,770,29.2208,0.14
66,8,749.22,689.77,71.45,726,61.157,0.1405
67,8,743.09,629.79,73.2,709,72.2144,0.138
68,8,756.59,629.79,69.79,740,59.5946,0.1391
69,8,767.31,689.77,69.79,631,49.9208,0.1409
70,11,724.12,599.8,72.31,1207,49.1301,0.1771
71,9,714.89,579.81,69.79,1193,19.6982,0.1793
72,9,767.04,619.79,69.79,1545,25.2427,0.1409
73,9,749.75,629.79,70.61,1678,26.6985,0.1755
74,11,745.28,629.79,71.45,1283,39.205,0.1766
75,10,742.32,679.77,75.03,550,82.9091,0.2073
76,10,700.5,619.79,76.95,1075,62.2326,0.2089
77,9,678.58,619.79,77.95,486,41.9753,0.1404
78,8,711.01,629.79,69.79,1756,34.3964,0.21100000000000002
79,8,776.69,639.79,66.69,2455,47.8615,0.1431
80,8,823.25,729.76,66.69,846,65.3664,0.1429
81,9,811.16,729.76,66.69,1326,65.6863,0.1761
82,7,778.12,649.78,68.99,1820,43.2967,0.1737
83,7,762.72,649.78,68.99,1547,42.7279,0.1417
84,7,762.72,679.77,69.79,830,64.2169,0.1772
85,9,743.7,669.78,74.1,783,22.3499,0.2123
86,8,752.99,669.78,74.1,506,31.8182,0.32299999999999995
87,9,734.37,659.78,74.1,543,26.151,0.3142
88,8,715.4,659.78,77.95,423,49.6454,0.1434
89,7,751.07,679.77,68.99,1246,58.6677,0.1752
90,8,775.42,679.77,68.99,1466,48.9086,0.2091
91,8,735.02,629.79,71.45,910,53.2967,0.179
92,8,729.5,629.79,71.45,945,34.3915,0.1406
93,8,724.37,649.78,75.03,644,35.8696,0.2124
94,9,724.76,649.78,72.31,740,44.3243,0.207
95,7,736.42,659.78,72.31,702,63.5328,0.1741
96,9,719.5,649.78,72.31,724,48.3425,0.1782
97,9,721.51,649.78,76.95,773,35.1876,0.2079
98,9,735.4,649.78,75.97,960,23.5417,0.1395
99,10,720.02,629.79,75.97,844,29.9763,0.1425
100,10,703.27,629.79,76.95,561,32.6203,0.1777
101,8,720.51,659.78,76.95,520,59.8077,0.1735
102,8,745.28,669.78,71.45,1089,40.2204,0.1766
103,7,771.36,659.78,68.99,1398,57.1531,0.1402
104,7,750.01,589.8,68.99,3508,18.5861,0.1404
105,8,757.91,589.8,69.79,3493,15.6885,0.2083
106,7,760.01,659.78,71.45,1093,47.0265,0.1385
107,7,754.07,659.78,71.45,751,47.9361,0.1434
108,7,734.37,639.79,71.45,901,28.7458,0.1397
109,7,714.01,589.8,72.31,3004,13.2823,0.1401
110,7,786.96,589.8,66.69,2746,52.4399,0.1412
111,6,835.02,749.75,66.69,1031,69.8351,0.1409
112,6,790.85,689.77,66.69,894,67.8971,0.1405
113,8,760.8,669.78,71.45,1218,57.9639,0.17300000000000001
114,10,796.4,699.77,67.44,814,78.0098,0.1395
115,8,818.26,749.75,67.44,492,89.0244,0.1438
116,8,816.87,739.75,68.2,681,70.0441,0.1749
117,7,746.16,629.79,68.2,806,91.9355,0.1375
118,9,706.26,629.79,75.03,579,61.3126,0.177
119,7,760.83,669.78,70.61,949,64.9104,0.1421
120,8,799.18,739.75,70.61,679,73.0486,0.1738
121,8,796.12,729.76,68.2,1139,54.6971,0.1745
122,7,771.96,659.78,70.61,869,46.3751,0.1439
123,8,773.8,659.78,68.99,841,66.7063,0.1397
124,7,778.93,709.76,68.99,1004,92.0319,0.1735
125,7,780.02,729.76,72.31,434,91.2442,0.1425
126,8,760.02,689.77,73.2,509,54.224,0.1422
127,8,732.32,679.77,75.03,407,56.0197,0.1751
128,7,764.61,679.77,67.44,1544,44.3653,0.1414
129,7,784.74,669.78,67.44,1123,71.2378,0.177
130,7,761.33,669.78,71.45,978,33.7423,0.1728
131,9,735.65,639.79,71.45,807,62.8253,0.1743
132,8,720.27,639.79,75.03,892,77.13,0.17800000000000002
133,7,737.19,689.77,75.03,526,73.384,0.1391
134,8,726.42,639.79,75.03,823,22.2357,0.1412
135,8,751.85,639.79,72.31,858,57.1096,0.14
136,7,785.5,719.76,66.69,843,57.5326,0.1157
137,7,849.72,739.75,64.54,936,64.3162,0.1898
138,7,893.9,839.72,64.54,654,89.7554,0.2165
139,8,745.8,549.82,63.85,3683,20.9612,0.1764
140,10,553.15,399.87,69.79,3152,95.5584,0.319
141,11,487.34,399.87,69.79,4299,87.1365,0.2394
142,11,482.67,419.86,71.45,1379,88.76,0.2762
143,11,514.06,419.86,57.16,4258,61.2964,0.1496
144,12,556.62,479.84,92.34,393,32.3155,0.3058
145,12,595.52,519.83,85.74,1062,24.8588,0.2742
146,11,583.48,329.89,43.18,17951,91.9893,0.1749
147,8,586.34,329.89,43.18,17117,89.9223,0.174
148,10,639.79,509.83,43.81,25294,56.4047,0.1489
149,10,727.33,419.86,40.55,66691,71.5269,0.25
150,9,775.37,419.86,41.39,17383,84.3986,0.2418
151,11,790.01,369.88,65.96,3099,80.9939,0.1758
152,12,805.79,369.88,37.99,28925,87.0043,0.2633
153,10,788.22,409.86,39.23,22922,57.1765,0.1538
154,9,714.76,559.81,39.23,1545,58.123000000000005,0.1841
155,7,811.73,579.81,62.52,3189,33.2079,0.2112
156,7,910.99,829.72,62.52,900,55.4444,0.2125
157,7,875.33,809.73,62.52,591,74.6193,0.1785
158,6,849.41,809.73,67.44,496,82.2581,0.1784
159,7,864.56,809.73,65.24,545,75.7798,0.2103
160,6,857.21,809.73,65.24,613,56.4437,0.1823
161,7,810.3,689.77,67.44,1380,48.5507,0.1763
162,7,811.2,689.77,65.96,1380,40.1449,0.1813
163,7,848.2,779.74,65.96,1027,37.1957,0.1786
164,6,841.19,779.74,66.69,535,82.0561,0.1748
165,7,832.66,719.76,65.96,1180,61.6949,0.1766
166,7,802.59,669.78,65.96,1165,37.6824,0.1424
167,7,835.02,669.78,64.54,1957,53.7046,0.1761
168,7,875.96,819.73,63.85,627,78.4689,0.1784
169,7,883.77,819.73,63.85,716,66.7598,0.2122
170,7,863.05,749.75,64.54,838,50.5967,0.2107
171,8,837.07,719.76,65.96,942,62.4204,0.1757
172,5,862.74,779.74,65.24,943,61.5058,0.1756
173,6,872.21,819.73,65.24,705,79.7163,0.1791
174,7,874.4,829.72,65.24,540,89.4444,0.1787
175,6,889.39,829.72,64.54,489,92.229,0.2108
176,6,887.83,829.72,64.54,404,92.5743,0.2112
177,7,804.3,629.79,65.24,883,47.4519,0.2842
178,7,770.28,629.79,65.24,1625,28.2462,0.2456
179,7,812.3,699.77,65.24,1448,38.605,0.21100000000000002
180,6,860.93,739.75,63.18,1177,62.0221,0.17600000000000002
181,6,881.27,739.75,60.63,1779,32.6588,0.1418
182,7,880.64,709.76,60.63,2311,41.3674,0.2129
183,8,859.71,709.76,61.24,1948,38.9117,0.2115
184,7,883.9,799.73,62.52,974,81.5195,0.21899999999999997
185,8,926.69,839.72,60.02,1056,72.6326,0.1799
186,6,937.35,849.72,60.02,786,87.4046,0.1778
187,6,934.69,849.72,58.84,1022,86.0078,0.214
188,7,934.36,849.72,58.84,1526,95.675,0.2141
189,7,922.6,849.72,60.02,990,95.1515,0.2098
190,7,881.83,739.75,61.88,1647,48.9982,0.2062
191,7,814.3,709.76,63.85,1257,58.7908,0.1754
192,8,767.04,639.79,70.61,1377,31.4452,0.2114
193,8,784.6,639.79,61.88,2615,20.1147,0.1821
194,6,890.95,699.77,60.63,2567,37.9431,0.1754
195,6,895.64,739.75,60.63,1871,50.7215,0.1745
196,6,833.84,689.77,62.52,2658,33.5967,0.1764
197,7,817.73,689.77,65.24,1658,41.4355,0.1747
198,6,846.08,769.74,65.24,1058,75.8979,0.1791
199,7,873.15,829.72,64.54,316,85.443,0.2147
200,6,883.14,829.72,64.54,433,93.7644,0.1769
201,7,880.33,829.72,64.54,583,90.7376,0.1775
202,7,880.64,829.72,64.54,504,96.0317,0.1774
203,8,885.64,819.73,63.18,848,73.1132,0.2117
204,7,885.33,759.75,63.18,1029,69.3878,0.1765
205,7,850.32,719.76,63.85,1106,33.906,0.1782
206,7,848.54,759.75,66.69,682,69.5015,0.1733
207,6,861.23,809.73,65.24,522,87.931,0.1759
208,7,879.71,819.73,65.24,603,84.0796,0.1776
209,7,876.27,809.73,65.24,611,92.14399999999999,0.1783
210,8,863.35,799.73,65.96,521,85.6046,0.2106
211,6,870.96,799.73,65.24,427,75.1756,0.2153
212,6,890.03,839.72,63.18,715,76.0839,0.1812
213,7,892.2,839.72,63.18,733,52.6603,0.2102
214,7,885.33,809.73,62.52,795,65.6604,0.2118
215,7,870.65,809.73,62.52,1186,58.4317,0.2154
216,7,860.93,809.73,65.24,961,89.8023,0.17600000000000002
217,6,853.24,789.74,65.24,954,89.5178,0.1724
218,7,853.96,789.74,65.96,848,73.5849,0.2129
219,7,852.44,769.74,66.69,810,79.2593,0.2133
220,7,748.43,599.8,68.2,1389,30.0936,0.1406
221,6,766.97,599.8,62.52,2151,21.8968,0.1449
222,7,903.57,789.74,61.24,1437,77.9402,0.1785
223,7,886.8,779.74,61.24,1095,75.4338,0.1819
224,6,896.26,779.74,61.88,956,77.3013,0.2092
225,5,912.92,849.72,61.88,920,95.4348,0.1767
226,6,884.39,799.73,61.88,835,87.7844,0.212
227,6,861.23,799.73,65.24,774,80.2326,0.2111
228,7,863.77,819.73,65.96,580,92.069,0.2171
229,8,850.63,759.75,64.54,1168,62.1575,0.2138
230,7,839.11,759.75,64.54,910,58.7912,0.2167
231,7,847.36,779.74,65.24,582,86.4261,0.2083
232,5,856.68,799.73,65.24,608,80.2632,0.2122
233,8,875.02,799.73,63.85,923,83.9653,0.2143
234,7,895.95,839.72,63.85,553,96.2025,0.1744
235,7,875.65,789.74,64.54,434,74.6544,0.2141
236,5,869.71,789.74,62.52,995,78.2915,0.2156
237,6,874.86,739.75,60.63,2298,46.9539,0.1732
238,7,871.9,739.75,60.63,1759,49.5168,0.1434
239,7,860.34,779.74,64.54,767,89.0482,0.1816
240,6,879.71,779.74,44.79,5211,80.119,0.2067
241,6,915.82,829.72,44.79,5477,77.725,0.2113
242,7,908.41,859.71,62.52,678,79.2035,0.1776
243,7,910.02,859.71,61.88,855,59.7661,0.2127
244,7,919.36,859.71,61.24,922,70.8243,0.2175
245,7,926.69,869.71,60.63,831,90.8544,0.1799
246,8,926.14,869.71,60.02,800,82.5,0.2438
247,7,888.45,709.76,60.02,1184,77.7027,0.21100000000000002
248,9,744.23,599.8,63.18,975,48.1026,0.2475
249,9,758.13,599.8,63.85,2596,47.6888,0.1783
250,5,889.38,739.75,62.52,1353,72.7273,0.1814
251,8,917.76,859.71,60.63,833,75.5102,0.1757
252,7,892.2,759.75,62.52,1353,59.3496,0.2102
253,6,903.7,759.75,60.63,1568,45.2806,0.2213
254,6,955.89,899.7,58.27,872,91.2844,0.2165
255,7,906.47,629.79,60.02,3962,36.7239,0.2135
256,9,797.51,589.8,42.57,28102,76.2223,0.2438
257,9,741.59,469.84,42.57,14492,78.5882,0.2839
258,8,774.34,469.84,61.88,1693,65.1506,0.1745
259,8,859.71,679.77,63.18,2428,51.6063,0.1762
260,6,910.99,829.72,63.18,733,92.4966,0.1771
261,6,927.36,859.71,60.02,866,81.2933,0.1797
262,7,939.02,859.71,60.02,936,86.3248,0.1775
263,8,869.09,729.76,59.43,1523,60.0131,0.1798
264,6,888.09,729.76,58.84,2587,60.6881,0.1816
265,7,958.3,869.71,57.71,1325,93.8868,0.1799
266,7,962.35,869.71,58.27,1455,92.3024,0.1732
267,6,974.85,889.7,58.27,1318,88.7709,0.1769
268,6,897.77,499.83,57.71,7605,45.286,0.2156
269,8,722.07,499.83,45.47,26976,64.1422,0.1776
270,11,631.57,489.84,45.47,31567,90.6136,0.2111
271,10,570.4,479.84,54.07,4792,59.1194,0.275
272,10,552.86,349.88,57.16,9202,89.7196,0.3539
273,10,656.62,349.88,37.99,73439,69.2793,0.2405
274,12,728.28,329.89,37.99,78603,76.8889,0.2035
275,12,786.69,329.89,40.28,49413,52.7128,0.1658
276,12,735.51,419.86,40.28,17119,77.6973,0.1648
277,11,692.7,369.88,43.18,19903,85.2233,0.2465
278,9,652.51,369.88,63.18,3120,78.3333,0.2786
279,9,688.55,559.81,71.45,1400,33.3571,0.248
280,8,819.16,679.77,68.2,553,50.4521,0.27899999999999997
281,9,828.84,689.77,65.24,968,51.6529,0.2129
282,7,842.37,749.75,38.47,14363,68.3771,0.2095
283,7,810.02,659.78,38.47,16635,72.5338,0.1411
284,8,790.01,659.78,69.79,1200,61.0,0.21100000000000002
285,8,803.62,749.75,69.79,722,84.072,0.2074
286,9,787.79,619.79,68.99,1429,36.3191,0.2116
287,7,796.4,619.79,68.99,1587,49.6534,0.2093
288,9,801.73,589.8,65.96,1276,53.9185,0.2138
289,7,826.2,589.8,65.24,1101,73.3878,0.1424
290,7,862.14,779.74,65.24,748,73.3957,0.1406
291,7,855.17,749.75,65.24,678,47.0501,0.1772
292,6,830.9,689.77,66.69,1256,52.6274,0.177
293,8,805.45,689.77,68.99,1308,32.263000000000005,0.2128
294,7,800.57,719.76,68.99,681,75.1836,0.2082
295,7,778.39,659.78,68.99,1121,66.9045,0.2083
296,10,683.92,599.8,72.31,1584,30.4293,0.2853
297,10,680.49,599.8,74.1,867,36.4475,0.14
298,7,782.79,639.79,65.96,2246,23.4194,0.2129
299,7,828.25,699.77,65.96,1949,39.1483,0.2131
300,7,822.37,699.77,64.54,1667,28.0744,0.2146
301,7,816.3,679.77,64.54,1842,16.5581,0.175
302,7,820.9,729.76,67.44,708,73.1638,0.1791
303,8,815.44,769.74,68.99,410,74.1463,0.1402
304,8,804.59,759.75,69.79,321,79.7508,0.2131
305,8,792.88,739.75,70.61,596,60.5705,0.2162
306,6,775.85,679.77,70.61,822,54.7445,0.2148
307,8,764.22,679.77,71.45,737,78.9688,0.2066
308,8,796.4,709.76,69.79,776,43.6856,0.1744
309,7,823.84,789.74,69.79,366,56.0109,0.1785
310,7,812.87,729.76,68.99,437,78.4897,0.2109
311,7,785.02,729.76,70.61,503,69.5825,0.2123
312,8,796.31,729.76,68.99,403,77.6675,0.2153
313,8,764.48,629.79,68.99,1236,37.2977,0.2065
314,7,724.12,619.79,70.61,848,87.0283,0.1771
315,8,774.74,619.79,67.44,1473,62.5255,0.1434
316,6,812.3,719.76,67.44,1062,49.435,0.1759
317,9,798.34,699.77,68.99,930,52.9032,0.2088
318,7,801.73,699.77,68.99,861,79.3264,0.1782
319,7,782.24,669.78,68.99,1059,38.6213,0.1776
320,9,784.46,669.78,65.24,2164,19.4547,0.1416
321,7,840.31,679.77,64.54,2674,43.9043,0.175
322,7,857.29,769.74,64.54,1672,85.2871,0.1767
323,9,850.63,799.73,65.96,901,85.6826,0.1781
324,8,838.84,759.75,66.69,669,85.7997,0.1753
325,8,844.13,799.73,68.2,455,93.8462,0.1742
326,8,789.18,679.77,68.2,534,52.809,0.2112
327,9,766.77,679.77,68.2,1375,37.3091,0.1762
328,7,816.01,689.77,67.44,1767,65.7046,0.1751
329,8,803.45,659.78,67.44,1442,38.835,0.1778
330,8,801.73,659.78,68.2,1092,52.4725,0.1782
331,6,842.37,779.74,67.44,607,91.1038,0.1746
332,7,843.96,799.73,66.69,602,79.0698,0.1795
333,9,792.59,689.77,66.69,884,62.1041,0.1802
334,9,796.88,689.77,65.96,1388,49.2795,0.2868
335,8,844.87,759.75,65.96,575,51.4783,0.2511
336,8,832.08,759.75,66.69,1048,49.3321,0.1767
337,9,826.78,779.74,67.44,758,72.8232,0.1779
338,7,807.16,709.76,68.2,1051,46.431999999999995,0.2124
339,7,756.59,629.79,71.45,1343,32.1668,0.1391
340,8,763.53,629.79,68.99,1097,66.2716,0.1416
341,9,809.73,719.76,68.2,959,68.7174,0.1453
342,8,840.02,759.75,66.69,666,89.7898,0.1804
343,7,864.71,759.75,63.85,829,88.0579,0.1807
344,7,873.35,819.73,63.85,551,90.7441,0.1735
345,8,834.43,719.76,66.69,791,66.6245,0.2115
346,8,804.59,719.76,68.99,774,45.3488,0.2486
347,8,819.44,729.76,68.99,859,61.5832,0.1743
348,8,831.19,749.75,67.44,702,53.1339,0.1769
349,8,844.87,789.74,67.44,478,59.6234,0.1793
350,6,852.14,779.74,65.24,391,65.4731,0.2134
351,7,864.56,779.74,65.24,371,64.69,0.2103
352,7,870.96,799.73,64.54,461,65.2928,0.2153
353,7,874.08,799.73,62.52,1106,60.1266,0.1788
354,7,894.08,819.73,62.52,839,56.1383,0.1748
355,8,872.74,799.73,63.18,685,48.3212,0.2083
356,7,856.08,799.73,65.96,417,53.9568,0.2478
357,7,848.2,689.77,65.24,1419,34.4609,0.1786
358,7,777.52,679.77,67.44,698,38.9685,0.2501
359,7,802.59,679.77,66.69,1128,72.2518,0.17800000000000002
360,8,806.3,669.78,66.69,1379,47.7883,0.1772
361,7,804.59,669.78,67.44,1213,45.5894,0.2131
362,6,847.07,769.74,65.24,844,54.0284,0.2083
363,7,870.01,789.74,63.18,867,59.5156,0.1742
364,7,873.77,759.75,63.18,791,47.7876,0.1788
365,8,861.28,759.75,64.54,1053,41.4055,0.2177
366,7,875.65,799.73,64.54,709,62.6234,0.1784
367,7,866.07,709.76,63.18,1722,19.9768,0.2099
368,8,832.37,709.76,63.18,1433,48.5694,0.2473
369,8,830.02,739.75,64.54,1257,75.6563,0.1772
370,7,824.14,769.74,66.69,730,78.3562,0.2141
371,7,832.96,769.74,65.96,785,81.7834,0.1766
372,7,837.3,779.74,65.96,747,57.6975,0.2172
373,8,825.31,719.76,64.54,1550,31.1613,0.1782
374,8,818.87,679.77,64.54,2256,27.4379,0.2094
375,8,824.58,679.77,63.85,2673,31.575,0.1733
376,7,867.89,679.77,63.18,1802,46.3929,0.2095
377,7,857.53,739.75,64.54,558,44.086000000000006,0.2187
378,7,852.44,739.75,63.18,1119,70.7775,0.1777
379,7,865.77,789.74,63.18,879,45.0512,0.175
380,8,885.02,789.74,63.85,802,28.3042,0.2119
381,8,851.53,749.75,64.54,596,60.906000000000006,0.1423
382,9,811.73,669.78,65.96,1945,23.5476,0.1408
383,6,842.37,669.78,65.96,1969,26.7649,0.1397
384,7,874.08,799.73,65.24,381,89.5013,0.14300000000000002
385,8,877.83,789.74,64.54,433,74.1339,0.17800000000000002
386,8,860.32,789.74,64.54,585,83.0769,0.2113
387,8,867.29,779.74,63.18,734,69.7548,0.2096
388,8,894.86,779.74,61.24,766,58.093999999999994,0.2163
389,7,900.34,839.72,61.24,439,84.9658,0.215
390,8,798.34,639.79,65.96,1487,39.341,0.2088
391,8,701.72,609.8,70.61,1210,32.3967,0.2086
392,7,734.23,609.8,68.2,1262,44.9287,0.2151
393,9,809.16,689.77,67.44,1509,37.2432,0.1412
394,6,849.41,699.77,63.85,1413,36.6596,0.1784
395,6,891.96,809.73,62.52,613,84.1762,0.1808
396,7,900.99,809.73,61.24,627,52.1531,0.179
397,7,907.76,839.72,61.24,596,63.9262,0.1777
398,7,885.19,769.74,60.63,1479,35.9026,0.2187
399,6,904.39,769.74,60.02,1301,53.651,0.2073
400,7,905.5,779.74,60.02,1249,61.8895,0.2138
401,6,910.66,829.72,61.24,722,52.9086,0.2125
402,7,880.96,769.74,61.24,1161,35.5728,0.2128
403,8,815.9,709.76,64.54,1048,79.1031,0.2163
404,7,835.02,709.76,63.18,1401,55.3176,0.1761
405,8,841.48,699.77,63.18,1637,36.7746,0.1398
406,7,862.84,699.77,61.88,2392,49.2475,0.1811
407,8,911.95,779.74,59.43,1479,61.4604,0.1769
408,7,913.57,779.74,59.43,938,71.2154,0.1766
409,9,852.14,639.79,61.24,3485,27.976999999999997,0.1422
410,8,813.16,639.79,63.18,1407,29.2111,0.24600000000000002
411,8,866.07,779.74,63.18,897,63.2107,0.2099
412,8,860.62,769.74,63.18,906,53.532,0.2113
413,8,807.45,709.76,68.2,973,36.4851,0.2123
414,7,837.66,709.76,63.18,1248,57.2917,0.2107
415,6,889.08,819.73,63.18,899,95.4394,0.1757
416,7,792.24,549.82,55.06,7868,52.8851,0.3506
417,8,856.99,699.77,55.06,6128,18.4236,0.1414
418,8,906.47,699.77,53.12,5899,32.1071,0.1423
419,7,776.96,569.81,53.12,6913,28.8153,0.14300000000000002
420,9,729.76,569.81,63.18,5271,14.0581,0.1405
421,9,741.8,319.89,60.63,12465,68.9531,0.1383
422,8,757.04,319.89,58.84,13505,56.9345,0.1428
423,8,895.19,729.76,55.06,6663,32.6279,0.2883
424,8,1001.15,729.76,53.59,4315,49.2468,0.14800000000000002
425,7,1051.13,939.69,53.59,1232,93.6688,0.2467
426,5,1027.06,899.7,53.59,1913,84.2133,0.2524
427,7,934.02,629.79,54.56,4767,60.9608,0.2498
428,7,920.69,629.79,41.97,10534,87.3552,0.1448
429,6,915.9,729.76,54.07,2646,64.7014,0.113
430,8,906.94,719.76,60.02,1497,62.5251,0.1521
431,9,895.33,659.78,39.49,15324,87.2096,0.1396
432,10,753.26,389.87,45.13,17317,78.5009,0.1435
433,9,841.19,539.82,50.86,12729,36.3186,0.2098
434,7,1030.73,829.72,50.02,4555,51.9868,0.2426
435,7,1045.42,849.72,48.8,3336,63.1295,0.1472
436,7,1022.99,849.72,48.8,4309,67.2546,0.1448
437,8,935.17,679.77,50.86,5351,57.3351,0.138
438,8,822.96,619.79,50.86,4056,12.3028,0.2144
439,7,873.46,619.79,55.06,5093,55.5861,0.2147
440,8,954.85,789.74,49.2,6256,78.6765,0.1445
441,6,1045.42,819.73,49.2,5260,37.5095,0.184
442,7,1065.03,949.68,50.86,1582,71.0493,0.1445
443,7,1025.95,859.71,51.74,3437,30.9281,0.2527
444,6,1060.02,929.69,50.86,1827,80.5145,0.1398
445,6,1033.73,879.71,50.86,3309,31.641,0.2508
446,7,999.31,799.73,48.8,6114,42.2637,0.2502
447,9,935.35,589.8,38.97,32979,48.5279,0.1426
448,11,773.8,359.88,38.97,36731,44.0309,0.1397
449,11,731.29,359.88,47.63,23912,62.4289,0.1403
450,8,801.5,579.81,63.18,3953,24.4877,0.1835
451,7,927.69,789.74,57.16,1825,55.8904,0.2875
452,7,982.43,829.72,53.12,2937,37.998000000000005,0.1404
453,6,1005.74,909.7,51.74,3178,41.0321,0.2486
454,7,1005.38,909.7,51.74,4177,68.4463,0.2487
455,6,1005.02,869.71,53.12,2476,75.6058,0.2843
456,7,965.2,859.71,54.07,2118,81.1143,0.2858
457,7,929.36,749.75,49.2,6187,68.8702,0.2511
458,6,935.69,749.75,49.2,6977,45.5927,0.2494
459,7,891.7,429.86,43.81,2808,84.9715,0.1869
460,10,791.79,429.86,43.81,30677,64.7717,0.26
461,10,723.6,469.84,46.89,13267,81.1939,0.3189
462,8,789.46,469.84,58.84,3700,46.5676,0.1759
463,6,910.02,819.73,54.56,2573,71.3953,0.2127
464,7,607.24,549.82,89.58,478,30.1255,0.1752
465,9,598.52,549.82,95.27,325,32.9231,0.1422
466,8,625.01,549.82,84.54,773,23.9327,0.2087
467,9,644.9,579.81,84.54,524,54.0076,0.2068
468,9,630.23,569.81,88.26,556,29.4964,0.141
469,11,646.15,569.81,81.11,1072,14.7388,0.1407
470,11,641.79,569.81,83.36,417,42.9257,0.1385
471,9,614.9,549.82,85.74,729,16.8724,0.1384
472,8,601.26,539.82,85.74,1427,12.9643,0.1733
473,10,602.09,539.82,86.99,906,13.7969,0.17300000000000001
474,8,599.59,539.82,81.11,1074,7.7281,0.139
475,8,615.54,539.82,81.11,1296,6.1728,0.242
476,9,619.36,559.81,88.26,777,16.9884,0.1755
477,8,619.79,569.81,81.11,615,31.3821,0.1403
478,9,630.88,569.81,81.11,645,17.9845,0.2412
479,9,632.01,569.81,89.58,239,19.6653,0.1406
480,7,624.57,549.82,88.26,350,49.1429,0.2436
481,8,600.86,549.82,88.26,335,41.193999999999996,0.1771
482,9,577.21,539.82,96.81,243,43.2099,0.1386
483,9,575.41,539.82,95.27,311,49.8392,0.139
484,8,618.92,539.82,50.44,5609,74.5409,0.1405
485,10,669.78,429.86,50.44,7404,77.6202,0.3199
486,9,638.68,429.86,60.63,1870,84.7594,0.3132
487,8,611.75,579.81,88.26,274,47.0803,0.1777
488,10,601.93,549.82,93.78,215,67.4419,0.1414
489,11,588.97,549.82,93.78,268,42.5373,0.1415
490,11,578.17,539.82,93.78,137,43.7956,0.2118
491,10,593.55,539.82,89.58,429,22.3776,0.2457
492,8,585.32,549.82,89.58,544,45.7721,0.1395
493,8,663.27,549.82,54.56,8208,38.7427,0.1403
494,9,1017.44,909.7,54.07,1535,36.7427,0.2912
495,8,989.31,889.7,54.56,881,68.2179,0.3249
496,8,1015.38,889.7,54.56,867,89.15799999999999,0.2814
497,9,1038.17,979.67,54.56,712,83.1461,0.3211
498,8,1031.88,929.69,52.19,1346,42.422,0.2872
499,7,1028.18,919.69,52.19,1689,60.1539,0.2882
500,5,990.74,909.7,55.06,1192,77.6846,0.2884
501,7,952.1,769.74,55.06,2080,42.9808,0.2898
502,7,798.88,659.78,58.27,3074,17.9896,0.1788
503,9,811.44,659.78,60.02,1081,41.6281,0.1408
504,7,991.1,869.71,52.19,1592,47.1734,0.2883
505,7,1060.8,949.68,52.19,2660,53.4962,0.2538
506,8,1044.84,939.69,52.65,1562,73.5595,0.2481
507,8,1002.88,879.71,54.56,2728,26.0997,0.3205
508,8,1015.02,879.71,54.56,2103,23.0147,0.2815
509,8,1024.47,929.69,54.56,1283,54.8714,0.3254
510,7,1025.58,929.69,51.74,1347,61.8411,0.2889
511,6,1032.35,939.69,55.57,569,42.8822,0.3353
512,7,1029.29,949.68,55.06,710,74.2254,0.3239
513,7,1011.81,939.69,55.06,1308,90.4434,0.3177
514,7,1022.16,939.69,54.56,962,85.8628,0.3145
515,7,1019.66,919.69,54.56,921,82.9533,0.3152
516,8,1037.73,919.69,50.86,1911,57.7708,0.2965
517,8,1071.18,959.68,52.65,1839,82.1642,0.1795
518,8,1039.28,919.69,52.65,2050,68.6829,0.1782
519,7,1021.8,919.69,53.59,1820,88.4066,0.2796
520,5,986.34,729.76,53.59,2493,90.4533,0.3004
521,10,982.67,639.79,39.75,24259,62.3727,0.1018
522,8,1027.75,779.74,39.75,41453,58.0802,0.139
523,6,1020.73,909.7,54.56,1616,66.0272,0.2799
524,7,1040.76,949.68,53.12,1380,69.7826,0.2847
525,7,1056.57,949.68,53.12,1120,59.1071,0.2912
526,6,1081.95,979.67,51.74,1152,82.9861,0.2844
527,7,1077.33,989.67,51.74,1219,82.0345,0.2856
528,6,1045.42,949.68,53.59,1393,70.4235,0.2943
529,6,1026.69,949.68,55.06,1375,86.7636,0.2886
530,8,1000.02,799.73,55.57,2463,76.4109,0.1429
531,8,992.88,799.73,55.06,2043,86.7841,0.1439
532,7,975.54,879.71,55.06,1129,79.9823,0.3181
533,7,1002.26,879.71,54.56,1536,70.5729,0.2956
534,7,1032.99,939.69,53.59,1843,64.7314,0.2868
535,8,1025.37,939.69,53.59,1000,82.3,0.2786
536,8,1015.22,919.69,55.06,583,31.9039,0.3283
537,8,998.93,919.69,55.06,853,75.1465,0.2966
538,7,977.26,829.72,56.62,1644,57.5426,0.2823
539,7,955.89,829.72,58.27,1375,78.9091,0.1443
540,6,951.02,889.7,59.43,743,91.1171,0.2804
541,6,950.03,889.7,58.27,713,72.0898,0.2904
542,7,962.44,899.7,58.27,899,67.6307,0.2866
543,7,970.71,889.7,58.27,1013,95.8539,0.2842
544,8,968.3,919.69,57.71,694,90.634,0.3205
545,8,962.44,869.71,57.71,1154,64.2981,0.3225
546,7,958.65,869.71,57.71,943,68.5048,0.2878
547,8,939.69,859.71,57.16,1231,67.9935,0.2838
548,7,950.35,859.71,57.16,1647,60.9593,0.2806
549,7,970.71,879.71,57.71,1368,62.2076,0.2842
550,5,993.6,879.71,54.07,1637,53.5125,0.2876
551,7,979.33,829.72,54.07,2194,31.4494,0.2113
552,6,987.6,859.71,56.09,1241,70.3465,0.3142
553,5,1024.47,949.68,55.57,1023,84.1642,0.2892
554,7,1026.69,899.7,55.06,1636,74.3276,0.2886
555,7,940.03,399.87,53.12,9954,68.8467,0.1834
556,8,941.02,399.87,53.12,9442,78.172,0.2125
557,7,955.35,879.71,56.62,1146,53.8394,0.314
558,10,980.36,859.71,54.56,1928,48.3402,0.2462
559,7,1029.66,879.71,52.65,1064,71.8045,0.1439
560,9,1069.64,1009.66,52.65,716,55.3073,0.2157
561,8,1079.26,1009.66,53.12,651,84.639,0.3207
562,8,1063.11,899.7,52.19,1565,71.8211,0.3256
563,8,1068.87,899.7,51.3,1818,64.6865,0.2879
564,7,1053.88,859.71,51.3,2912,49.9313,0.146
565,7,1050.42,859.71,52.19,2751,49.4366,0.1465
566,7,1094.63,999.67,51.74,794,69.7733,0.2811
567,8,1126.02,1029.66,44.46,2033,56.2715,0.2487
568,6,1132.12,1039.65,50.44,937,57.9509,0.2576
569,7,1123.23,1049.65,50.44,646,64.5511,0.1425
570,8,1047.43,799.73,52.19,3670,27.2207,0.2829
571,6,1015.22,799.73,52.65,2840,47.4296,0.1459
572,7,1046.57,949.68,51.3,1166,62.4357,0.2573
573,8,1090.41,1019.66,49.6,1312,51.6006,0.2116
574,9,984.84,779.74,49.6,2415,40.7867,0.1401
575,9,865.96,779.74,57.16,1331,31.4801,0.2165
576,7,890.33,379.87,54.07,9345,85.9069,0.1755
577,8,990.03,379.87,50.86,11228,92.4653,0.2886
578,7,1064.26,899.7,50.86,2461,66.0301,0.1807
579,8,972.09,779.74,54.07,4388,53.4868,0.2483
580,9,938.02,779.74,54.07,3177,71.0104,0.2488
581,8,964.16,809.73,56.09,1893,34.4955,0.2146
582,9,911.36,779.74,58.27,1795,36.0446,0.1829
583,7,942.02,779.74,56.09,2217,30.4465,0.1769
584,7,1000.38,819.73,53.59,2613,54.8412,0.2142
585,7,1061.57,689.77,43.81,8166,62.3684,0.1812
586,8,954.68,689.77,43.81,11262,60.9217,0.1397
587,9,812.59,659.78,53.59,2300,32.9565,0.1406
588,8,850.02,659.78,58.27,3045,50.3448,0.2139
589,7,995.22,799.73,48.8,3215,67.9627,0.2233
590,7,1056.19,889.7,48.8,2801,32.7026,0.1457
591,7,975.19,659.78,44.46,4383,64.1798,0.1414
592,9,956.01,429.86,44.46,10002,95.6809,0.3138
593,10,1029.66,909.7,48.02,4230,40.3783,0.2518
594,9,1068.04,959.68,48.02,4061,26.1512,0.2247
595,7,1066.57,949.68,48.4,3766,33.2183,0.1442
596,7,1035.21,899.7,49.2,3143,49.825,0.1431
597,10,1056.96,909.7,47.26,3990,44.1855,0.182
598,8,1115.63,959.68,47.26,3130,84.37700000000001,0.2151
599,9,1133.37,949.68,45.82,3413,80.6622,0.1471
600,7,1144.42,949.68,45.82,2707,73.0698,0.2796
601,9,1011.14,799.73,48.4,3155,78.225,0.1832
602,9,942.02,799.73,55.57,2974,47.1419,0.2123
603,9,965.54,349.88,50.86,8047,73.021,0.1429
604,10,1028.92,939.69,50.02,2656,49.2846,0.18
605,9,971.74,809.73,50.02,2296,19.9913,0.1774
606,9,940.38,809.73,56.09,1073,24.8835,0.2934
607,9,954.85,489.84,55.06,7141,59.0113,0.2167
608,9,1010.38,489.84,51.3,6070,77.0016,0.1414
609,7,1121.23,1009.66,47.63,2056,53.0156,0.2854
610,9,998.95,339.89,47.63,18349,73.0667,0.28600000000000003
611,9,976.92,339.89,50.44,13939,65.1338,0.2471
612,7,1062.72,969.68,46.89,1343,62.8444,0.2172
613,7,1068.49,649.78,38.97,19100,87.5497,0.21600000000000003
614,7,1075.41,649.78,38.97,16193,81.0721,0.2861
615,6,1098.43,1029.66,51.74,464,54.3103,0.2913
616,7,1049.65,879.71,52.19,1316,40.3495,0.1466
617,10,967.95,339.89,48.02,14356,78.6849,0.3206
618,11,963.13,339.89,53.59,9389,74.108,0.3222
619,9,963.82,889.7,57.16,685,52.9927,0.322
620,8,925.82,849.72,60.63,1076,34.5725,0.2787
621,8,954.02,849.72,56.62,1287,62.7817,0.3145
622,7,1010.38,949.68,51.3,1267,52.8019,0.2121
623,8,1015.59,959.68,51.3,1203,61.0141,0.1459
624,8,990.38,929.69,55.57,287,68.2927,0.2885
625,8,1016.8,929.69,48.02,2820,41.8085,0.1756
626,7,1018.95,449.85,48.02,13629,69.5135,0.1402
627,6,1056.96,869.71,39.23,8374,66.3363,0.2183
628,9,1108.03,869.71,39.23,10418,72.9411,0.1805
629,11,1092.84,979.67,48.4,4272,65.824,0.183
630,9,1078.1,989.67,48.4,3100,59.6452,0.1427
631,7,1104.03,989.67,49.2,3088,71.7293,0.2899
632,7,1091.24,999.67,49.2,2708,65.3619,0.2199
633,8,1069.27,849.72,46.89,3656,47.8392,0.1386
634,8,996.81,769.74,46.89,6203,54.4414,0.2508
635,7,938.72,689.77,52.19,3706,34.2418,0.1375
636,7,968.64,689.77,55.06,2726,63.2062,0.1424
637,7,997.52,899.7,54.07,986,47.0588,0.358
638,9,966.23,899.7,57.71,840,70.9524,0.2855
639,9,939.69,789.74,58.27,1446,30.4288,0.2936
640,9,930.36,789.74,58.27,2324,33.9071,0.1433
641,10,963.47,839.72,56.62,1979,42.951,0.1432
642,10,961.35,839.72,56.62,1693,34.7903,0.3467
643,7,883.9,759.75,58.27,1678,52.5626,0.292
644,6,882.21,759.75,61.24,1141,55.0394,0.3188
645,6,897.2,809.73,61.24,1477,36.8991,0.3483
646,6,882.83,809.73,59.43,1646,40.2187,0.2832
647,7,879.39,799.73,61.24,1390,28.705,0.3554
648,8,804.18,579.81,59.43,3399,15.1515,0.1727
649,12,737.91,579.81,61.24,3949,33.7301,0.1427
650,8,728.26,589.8,62.52,4132,14.908,0.1373
651,8,700.01,449.85,63.85,2282,38.1245,0.3484
652,10,733.35,449.85,63.85,2463,52.497,0.1748
653,12,823.15,469.84,52.19,7704,71.7679,0.2083
654,14,876.27,739.75,52.19,4351,45.5527,0.1783
655,9,833.55,739.75,53.59,3789,40.9607,0.2117
656,8,892.37,749.75,53.59,4915,33.7335,0.2988
657,10,976.57,819.73,50.02,2427,66.6255,0.3531
658,10,987.17,839.72,50.02,3977,54.2369,0.3256
659,10,1014.48,839.72,53.12,1920,47.6042,0.2191
660,9,1043.36,959.68,53.12,1210,82.1488,0.3195
661,8,988.64,859.71,54.56,1735,55.1585,0.3139
662,7,916.69,769.74,55.57,2587,66.5249,0.2909
663,7,958.99,769.74,54.07,3377,34.1427,0.2517
664,7,1034.84,919.69,52.65,1501,77.1486,0.1432
665,8,1068.49,919.69,50.44,1952,73.207,0.324
666,8,1054.83,979.67,50.44,977,79.6315,0.2107
667,7,992.08,799.73,53.12,2095,37.4702,0.2086
668,7,966.23,799.73,56.09,2355,41.0191,0.1428
669,8,991.1,829.72,55.06,2142,66.9001,0.1441
670,8,1006.33,829.72,53.12,1578,66.4766,0.1472
671,9,1027.44,889.7,53.12,1350,57.1111,0.3244
672,6,979.67,759.75,55.57,3852,46.9107,0.2112
673,8,953.02,809.73,56.09,2427,68.8916,0.2798
674,7,967.53,809.73,54.07,1826,59.31,0.1477
675,8,988.6,859.71,54.07,3260,41.4724,0.1445
676,8,979.67,829.72,54.56,3254,53.4726,0.2464
677,7,1002.17,829.72,54.56,2230,86.3677,0.2495
678,9,977.53,869.71,55.06,1361,62.3071,0.2923
679,9,949.35,739.75,55.06,2608,58.3972,0.2809
680,7,881.27,709.76,55.57,3288,40.7847,0.2482
681,8,884.08,709.76,55.57,5432,18.2437,0.2121
682,8,961.35,799.73,53.59,5313,45.4734,0.1387
683,9,950.35,729.76,53.59,5320,40.094,0.2455
684,8,922.03,729.76,54.56,3380,49.2308,0.2531
685,9,1020.4,869.71,47.26,3483,74.0454,0.2541
686,10,984.67,569.81,46.17,13070,75.3711,0.2902
687,8,956.58,569.81,46.17,7480,96.3503,0.2884
688,8,964.85,879.71,55.06,524,81.1069,0.2859
689,8,915.03,859.71,60.02,453,64.2384,0.3279
690,8,938.02,859.71,59.43,876,81.2785,0.3198
691,10,826.3,379.87,59.43,5785,67.191,0.1383
692,9,725.14,379.87,61.88,5699,57.0275,0.1414
693,8,785.02,569.81,61.88,6360,25.0157,0.1415
694,8,820.61,729.76,63.85,1928,33.9212,0.1434
695,9,773.26,629.79,63.85,1504,35.5053,0.1398
696,9,787.24,369.88,38.23,19105,64.7213,0.3529
697,9,728.99,369.88,38.23,20534,74.0479,0.3166
698,12,636.23,519.83,50.44,7428,68.0264,0.2096
699,12,626.53,519.83,49.2,13487,71.5875,0.2082
700,8,568.61,499.83,49.2,8011,64.34899999999999,0.2814
701,9,553.28,499.83,75.97,1785,18.0952,0.139
702,11,593.76,499.83,57.16,5542,52.2014,0.2456
703,13,688.34,349.88,49.6,13715,54.0576,0.3459
704,11,741.33,349.88,46.17,21579,60.8647,0.3195
705,9,687.33,629.79,46.17,8447,69.0304,0.2839
706,10,698.06,359.88,58.27,5071,49.5957,0.3145
707,9,738.47,359.88,58.27,4965,41.0473,0.3472
708,7,732.83,659.78,73.2,982,28.6151,0.2799
709,12,744.62,629.79,45.82,9083,67.0483,0.3099
710,13,722.58,609.8,43.81,10149,67.2677,0.1419
711,10,676.44,569.81,43.81,14929,53.1114,0.1408
712,8,699.28,569.81,61.24,3079,29.3277,0.1395
713,9,738.67,589.8,62.52,4253,29.9083,0.3293
714,8,780.04,489.84,38.47,20685,58.0614,0.2331
715,10,914.87,489.84,38.47,23286,88.229,0.1508
716,8,1049.65,949.68,49.2,1419,65.2572,0.1764
717,7,1067.72,969.68,48.02,1698,48.351000000000006,0.3242
718,9,1100.03,979.67,48.02,1189,70.8158,0.2545
719,8,1148.78,1109.63,49.2,595,71.2605,0.3264
720,7,1149.2,1099.63,49.2,541,55.6377,0.3263
721,6,1149.2,1099.63,49.6,201,63.6816,0.2901
722,7,1002.26,379.87,51.3,8777,67.768,0.1848
723,7,993.95,379.87,51.74,9643,69.3042,0.1797
724,8,1094.63,539.82,50.44,1301,61.2606,0.3514
725,7,1077.72,539.82,50.44,11437,66.9494,0.3569
726,7,1115.23,949.68,50.86,1273,63.3936,0.2869
727,7,1129.62,1039.65,50.44,516,56.7829,0.332
728,7,1063.88,819.73,50.44,3583,38.2361,0.2892
729,7,926.47,739.75,52.65,4271,54.8349,0.2089
730,8,957.27,739.75,51.74,2540,78.0315,0.2522
731,7,1066.95,979.67,51.74,857,85.4142,0.3605
732,7,1048.11,989.67,51.74,640,33.2812,0.2202
733,6,1052.34,989.67,52.65,500,64.0,0.1827
734,6,1065.8,979.67,52.19,768,70.3125,0.3248
735,6,1083.87,979.67,51.74,769,55.3966,0.3549
736,7,1108.83,1009.66,51.74,669,53.0643,0.3608
737,7,1127.12,1059.65,49.6,478,45.6067,0.1479
738,7,1126.02,1059.65,49.6,369,57.1816,0.3197
739,6,1107.63,1039.65,52.19,428,73.1308,0.3611
740,7,1095.23,979.67,52.19,553,92.4051,0.3287
741,8,1093.24,979.67,51.3,969,96.2848,0.2927
742,8,1103.23,1029.66,48.4,1379,69.108,0.3263
743,10,1122.03,1029.66,48.4,787,77.2554,0.3565
744,8,1035.73,729.76,50.86,4459,36.0395,0.1379
745,7,884.54,669.78,40.28,6159,44.9424,0.2188
746,8,909.7,669.78,40.28,9793,67.9771,0.2482
747,8,965.2,849.72,51.74,3387,44.4346,0.2501
748,8,1045.95,869.71,51.3,4014,40.8819,0.1416
749,7,1094.04,899.7,50.86,1377,76.2527,0.1828
750,8,1058.11,849.72,46.53,6387,40.0971,0.2181
751,7,1015.38,849.72,52.19,4786,17.9482,0.1407
752,8,1021.51,859.71,52.19,2896,47.6519,0.1813
753,8,1036.96,859.71,52.65,2798,52.608999999999995,0.1484
754,8,1068.87,899.7,48.8,4177,63.6581,0.1439
755,8,1064.26,599.8,48.8,5799,57.3547,0.253
756,8,1015.38,599.8,51.3,5730,59.8429,0.21100000000000002
757,8,984.67,849.72,55.06,2451,36.1077,0.2539
758,8,980.39,849.72,56.09,2334,44.9015,0.1821
759,9,1006.09,849.72,53.59,2747,57.7721,0.142
760,9,1050.8,849.72,49.6,5530,39.132,0.1464
761,8,1039.28,889.7,50.44,1984,64.2641,0.3207
762,9,1045.58,889.7,53.59,1482,91.5655,0.3188
763,9,1058.88,989.67,53.12,887,81.6234,0.3269
764,7,1062.72,989.67,53.12,956,79.4979,0.3257
765,8,988.98,809.73,52.65,2783,81.6026,0.1395
766,8,1042.25,889.7,52.65,1461,57.2211,0.3198
767,8,1056.19,929.69,54.07,678,65.9292,0.3277
768,6,1007.81,839.72,53.59,1354,58.1979,0.1838
769,5,1005.38,839.72,53.59,1838,47.4973,0.2131
770,8,1059.65,949.68,50.44,2193,43.0461,0.1748
771,7,1055.8,939.69,50.44,2220,58.9189,0.1457
772,8,1040.39,889.7,51.3,2483,77.4869,0.3204
773,9,1038.91,939.69,53.12,1365,67.033,0.3565
774,6,1034.1,949.68,54.07,1022,75.8317,0.3582
775,7,1000.38,789.74,53.12,3816,48.218,0.2142
776,7,975.75,789.74,53.12,3634,29.1139,0.2196
777,9,978.29,889.7,57.16,1082,83.8262,0.3172
778,6,972.43,799.73,53.12,3188,52.7604,0.1418
779,6,977.89,799.73,53.12,2407,44.4537,0.2557
780,8,927.43,729.76,51.3,7988,38.4577,0.1391
781,8,874.71,729.76,54.07,5479,50.6297,0.1786
782,8,957.61,809.73,53.12,4603,52.7265,0.3241
783,7,1046.32,869.71,51.3,3726,76.9189,0.2832
784,9,1056.19,939.69,51.3,2719,67.3409,0.2549
785,7,1065.41,939.69,50.44,3064,29.8629,0.2888
786,8,1045.58,809.73,50.44,4125,42.4485,0.3188
787,6,1115.23,999.67,49.6,2910,76.1512,0.2869
788,7,1111.63,959.68,48.8,3115,88.1862,0.2879
789,8,1051.13,799.73,37.51,9733,59.4575,0.1762
790,9,963.82,369.88,37.51,34597,74.6279,0.2147
791,9,976.23,369.88,48.02,13242,59.4397,0.1413
792,8,1035.21,859.71,51.3,4419,79.5429,0.2862
793,8,1075.41,939.69,50.44,2087,75.6588,0.2504
794,10,1103.63,999.67,50.44,1512,92.0635,0.2537
795,8,1119.63,1039.65,50.02,1317,88.2308,0.2977
796,8,1089.25,819.73,50.02,4895,32.7273,0.2825
797,8,1084.25,819.73,48.8,7072,25.905,0.3193
798,8,1042.73,849.72,48.8,4646,60.2023,0.1475
799,8,1043.36,849.72,51.3,3500,73.0286,0.142
800,9,1103.48,939.69,49.2,2413,78.6987,0.3137
801,7,1116.83,939.69,48.4,1752,88.4703,0.2865
802,7,1120.03,999.67,49.2,1800,68.8889,0.25
803,7,1106.43,999.67,49.2,1807,62.4239,0.3254
804,6,1107.63,1009.66,48.8,1279,78.8898,0.325
805,7,1109.23,1029.66,48.8,1132,79.7703,0.3246
806,8,1122.83,1029.66,50.02,1018,82.4165,0.3206
807,7,1114.03,859.71,48.8,3445,66.1829,0.2873
808,6,1022.25,789.74,50.86,3687,52.7529,0.2536
809,7,1045.95,789.74,50.02,4476,69.8838,0.2479
810,5,1128.82,949.68,49.2,2106,77.113,0.3189
811,9,1149.2,1069.64,48.4,1040,88.0769,0.3263
812,8,1080.04,849.72,50.02,2847,57.1479,0.2963
813,6,1081.18,849.72,49.6,3066,53.8813,0.2846
814,7,1090.79,919.69,49.6,2169,54.6796,0.2821
815,6,1061.57,919.69,50.86,1397,63.9227,0.3261
816,8,1128.42,919.69,47.26,2336,38.0137,0.319
817,8,1123.38,959.68,49.2,1830,88.3607,0.2226
818,7,1050.8,799.73,49.2,3964,61.1251,0.183
819,7,953.82,769.74,47.63,7304,47.8642,0.1808
820,8,924.85,789.74,55.57,4180,40.7895,0.2093
821,6,975.75,769.74,50.86,3713,33.2615,0.3294
822,7,1081.95,849.72,49.6,3405,67.6065,0.3199
823,7,1114.83,999.67,47.26,2068,82.1083,0.3229
824,8,1031.88,799.73,47.26,7549,41.3962,0.2872
825,7,947.62,799.73,50.02,4382,60.3834,0.1456
826,7,1052.61,809.73,50.02,3465,41.4141,0.2463
827,9,1106.83,959.68,49.6,2813,88.7664,0.2891
828,9,1127.54,959.68,48.02,2068,93.6654,0.2956
829,7,1139.62,1049.65,48.02,1497,81.6299,0.2808
830,7,1087.33,899.7,49.2,4032,79.5139,0.1415
831,8,1079.64,899.7,49.2,4025,82.9814,0.2594
832,9,1119.23,929.69,49.2,2588,52.7434,0.2502
833,8,1129.22,929.69,49.2,1684,71.9121,0.2125
834,7,1125.04,1029.66,49.6,1266,56.6351,0.2963
835,8,1076.56,819.73,49.6,4660,49.9785,0.2858
836,8,1067.34,819.73,49.6,4294,43.8519,0.2162
837,8,1110.03,999.67,49.6,2122,94.0622,0.2883
838,9,1114.43,999.67,49.6,2236,97.0036,0.2872
839,7,1116.43,1029.66,49.2,1603,86.5253,0.2866
840,8,1025.73,739.75,49.2,5727,52.8025,0.2437
841,9,886.8,729.76,53.12,3858,72.7061,0.1819
842,9,945.2,739.75,51.3,4985,63.4704,0.1459
843,8,1108.83,969.68,49.2,2858,85.0945,0.2525
844,9,1154.2,1019.66,47.26,2703,88.3093,0.2527
845,7,1163.36,1029.66,47.26,2172,80.7551,0.2507
846,9,1145.87,1049.65,49.6,1125,91.2889,0.2545
847,6,1011.45,909.7,55.06,1079,55.2363,0.2119
848,6,1021.45,909.7,54.56,1003,34.8953,0.1748
849,6,1025.21,939.69,54.56,1064,41.4474,0.1806
850,7,1037.06,939.69,53.12,1087,38.9144,0.2143
851,5,1065.03,969.68,53.12,684,60.0877,0.1445
852,7,1055.03,959.68,53.12,576,71.0069,0.2187
853,7,1046.32,959.68,53.12,631,69.7306,0.177
854,8,1073.49,1009.66,52.65,846,70.0946,0.1791
855,7,995.03,919.69,56.09,552,67.7536,0.2154
856,8,959.68,889.7,58.27,822,69.2214,0.2156
857,8,924.53,769.74,60.02,1167,59.0403,0.2094
858,8,889.39,749.75,57.16,1143,20.385,0.2108
859,6,968.99,749.75,54.56,2275,47.6484,0.2491
860,6,1012.26,929.69,54.56,743,71.3324,0.1829
861,6,958.65,859.71,58.84,1083,72.6685,0.2158
862,8,931.69,809.73,56.09,1457,38.5038,0.2504
863,6,976.92,809.73,56.09,1514,36.79,0.1765
864,7,975.88,869.71,56.09,1000,15.8,0.212
865,7,936.69,859.71,59.43,965,30.4663,0.2135
866,7,935.02,859.71,60.63,851,61.9271,0.2139
867,6,920.66,809.73,60.63,752,44.9468,0.2102
868,7,919.05,809.73,61.24,802,52.9925,0.2106
869,8,934.36,869.71,61.24,611,77.7414,0.2141
870,7,931.69,819.73,58.84,848,43.3962,0.2504
871,9,940.72,819.73,58.27,1590,27.1698,0.2566
872,6,976.46,869.71,57.16,515,74.9515,0.2195
873,7,992.17,899.7,56.62,696,75.5747,0.21600000000000003
874,8,937.69,859.71,59.43,654,46.9419,0.2133
875,7,899.38,829.72,63.18,591,61.5905,0.1793
876,5,918.4,819.73,57.16,1586,34.3001,0.2107
877,7,987.17,819.73,55.06,1028,32.4903,0.2171
878,6,1028.55,969.68,55.06,517,86.2669,0.1801
879,8,1033.73,979.67,55.06,485,86.8041,0.215
880,8,998.95,849.72,55.06,1273,25.215999999999998,0.1788
881,8,961.06,849.72,55.57,1844,29.9892,0.2153
882,7,959.68,899.7,59.43,500,89.2,0.2156
883,7,951.41,899.7,59.43,535,80.1869,0.2175
884,7,945.68,899.7,60.02,620,88.0645,0.2115
885,7,929.36,859.71,60.02,674,69.1395,0.2152
886,6,866.27,769.74,59.43,1024,35.6445,0.2525
887,4,939.35,769.74,56.09,1047,32.3782,0.1774
888,7,964.51,829.72,56.09,1560,35.7051,0.1788
889,7,955.89,819.73,55.57,1039,42.6372,0.1443
890,7,1016.09,829.72,55.57,1325,44.6792,0.2109
891,9,970.71,879.71,56.62,452,19.2478,0.1421
892,8,942.02,879.71,59.43,235,60.8511,0.2477
893,7,927.69,809.73,59.43,928,27.694000000000003,0.2156
894,8,959.34,809.73,57.16,930,36.2366,0.1797
895,8,922.92,729.76,57.71,1766,24.4054,0.1398
896,5,949.68,729.76,53.59,2921,6.8812,0.2106
897,6,1046.96,939.69,53.59,397,62.9723,0.2204
898,6,977.17,889.7,56.09,979,62.8192,0.2193
899,8,930.69,859.71,60.02,803,70.9838,0.2149
900,7,930.02,849.72,58.84,572,79.3706,0.1792
901,6,977.95,849.72,56.62,899,79.9778,0.2116
902,7,971.74,899.7,56.62,1115,44.9327,0.2129
903,8,953.82,899.7,60.02,551,96.0073,0.2169
904,8,920.66,789.74,60.02,1144,38.1993,0.2453
905,6,918.73,789.74,59.43,1563,30.8381,0.2458
906,6,941.69,869.71,59.43,768,75.5208,0.2124
907,8,918.69,849.72,59.43,765,56.3399,0.254
908,6,883.77,749.75,58.27,1669,28.9395,0.2475
909,5,949.34,749.75,54.07,3634,34.1497,0.2179
910,12,487.67,459.85,62.52,2869,69.7107,0.1367
911,10,487.67,469.84,115.42,60,15.0,0.1367
912,10,482.84,459.85,120.04,39,20.5128,0.3107
913,11,473.61,429.86,65.24,2517,77.9897,0.2077
914,13,474.76,429.86,44.46,20993,69.0754,0.1381
915,13,477.71,439.85,44.46,19991,70.1216,0.1373
916,11,462.7,439.85,65.96,2231,76.6024,0.2058
917,11,456.25,439.85,125.04,25,32.0,0.27399999999999997
918,12,462.07,439.85,125.04,17,47.0588,0.1374
919,10,464.52,449.85,125.04,20,25.0,0.3472
920,10,459.05,429.86,117.69,69,20.2899,0.3458
921,10,452.19,429.86,117.69,40,35.0,0.311
922,11,453.08,439.85,127.7,7,42.8571,0.1358
923,11,453.13,439.85,127.7,16,56.25,0.1379
924,11,448.76,429.86,127.7,27,37.037,0.1393
925,12,448.29,429.86,125.04,24,20.8333,0.244
926,11,447.35,429.86,125.04,19,15.7895,0.1746
927,13,434.18,419.86,130.48,31,16.129,0.1375
928,13,435.61,419.86,127.7,27,11.1111,0.1391
929,12,445.39,429.86,127.7,33,21.2121,0.1727
930,12,442.58,419.86,125.04,36,25.0,0.2054
931,12,442.88,419.86,122.49,87,16.092,0.1711
932,12,459.5,409.86,65.24,5062,98.7554,0.1527
933,11,428.71,359.88,65.24,7083,95.228,0.1912
934,12,372.08,339.89,142.9,22,45.4545,0.2792
935,12,375.72,339.89,75.97,1358,66.3476,0.2765
936,13,405.0,339.89,49.2,14424,74.3206,0.2743
937,13,405.84,339.89,49.2,13313,74.6488,0.308
938,12,414.15,369.88,71.45,1661,32.0891,0.138
939,15,446.47,359.88,48.8,16707,75.4354,0.1378
940,15,463.88,359.88,47.63,15113,66.2145,0.2086
941,13,449.85,359.88,47.63,14596,67.0595,0.2394
942,13,440.16,419.86,127.7,14,28.5714,0.1748
943,12,446.93,419.86,127.7,51,15.6863,0.2065
944,12,449.07,419.86,127.7,87,11.4943,0.174
945,12,453.29,419.86,127.7,78,14.1026,0.1379
946,11,450.0,429.86,127.7,39,17.9487,0.1368
947,11,453.66,399.87,65.96,2149,77.6175,0.1749
948,12,459.53,399.87,65.96,2100,76.0952,0.2073
949,11,452.35,429.86,125.04,35,25.7143,0.1382
950,11,443.34,429.86,130.48,26,7.6923,0.3418
951,11,441.67,429.86,130.48,11,18.1818,0.1372
952,11,452.19,399.87,69.79,3699,67.3155,0.311
953,14,444.93,399.87,69.79,1740,70.1149,0.1729
954,13,458.91,419.86,64.54,3196,30.6633,0.1362
955,12,455.79,419.86,64.54,8094,65.11,0.1371
956,12,453.13,419.86,122.49,96,8.3333,0.3103
957,11,451.39,419.86,122.49,105,15.2381,0.2045
958,12,451.57,429.86,67.44,1992,67.1687,0.17300000000000001
959,13,446.68,399.87,67.44,4046,88.1611,0.2239
960,14,429.37,389.87,71.45,1678,86.1144,0.1127
961,12,444.31,389.87,71.45,1622,77.312,0.2078
962,12,459.05,439.85,122.49,62,6.4516,0.1729
963,10,463.65,439.85,122.49,62,9.6774,0.1369
964,11,461.91,439.85,125.04,30,16.6667,0.1718
965,12,463.81,439.85,125.04,18,22.2222,0.1711
966,11,464.52,449.85,125.04,26,23.0769,0.1736
967,12,462.86,449.85,125.04,18,66.6667,0.1372
968,13,466.04,449.85,125.04,13,23.0769,0.3065
969,11,465.33,449.85,125.04,5,60.0,0.3466
970,9,461.91,449.85,125.04,25,16.0,0.3093
971,8,461.59,449.85,125.04,44,9.0909,0.1376
972,9,460.32,439.85,125.04,27,18.5185,0.1379
973,11,460.01,439.85,125.04,11,36.3636,0.138
974,11,466.3,439.85,122.49,23,21.7391,0.1384
975,11,473.94,459.85,122.49,15,26.6667,0.2767
976,10,471.13,449.85,122.49,21,23.8095,0.1369
977,10,467.1,449.85,122.49,55,9.0909,0.1381
978,9,469.35,449.85,122.49,51,9.8039,0.1746
979,10,467.42,449.85,125.04,18,44.4444,0.138
980,10,464.85,449.85,122.49,26,15.3846,0.1735
981,10,463.72,449.85,122.49,50,8.0,0.1739
982,11,460.96,449.85,125.04,29,13.7931,0.2755
983,9,464.04,449.85,122.49,31,16.129,0.1738
984,9,463.34,449.85,122.49,28,32.1429,0.13699999999999998
985,11,455.94,439.85,127.7,25,24.0,0.1714
986,9,454.85,439.85,127.7,19,52.6316,0.1718
987,10,456.1,439.85,127.7,20,25.0,0.13699999999999998
988,9,459.69,439.85,125.04,23,13.0435,0.1727
989,7,465.33,449.85,125.04,27,11.1111,0.3466
990,9,464.52,449.85,125.04,30,6.6667,0.1389
991,12,464.13,449.85,125.04,28,10.7143,0.171
992,11,460.01,449.85,125.04,31,22.5806,0.3106
993,9,455.32,449.85,127.7,16,37.5,0.1716
994,11,457.94,439.85,125.04,25,12.0,0.1386
995,10,463.39,439.85,125.04,34,5.8824,0.2436
996,9,457.04,439.85,125.04,11,45.4545,0.2393
997,10,506.32,479.84,111.15,205,5.8537,0.2079
998,11,508.6,469.84,111.15,148,9.4595,0.138
999,11,500.01,469.84,111.15,113,21.2389,0.1379
1000,9,496.44,469.84,115.42,59,11.8644,0.1366
1001,10,508.43,439.85,55.06,4797,69.2725,0.1725
1002,10,534.45,439.85,55.06,6716,64.3687,0.1386
1003,11,558.85,439.85,92.34,1222,17.9214,0.1721
1004,10,539.44,489.84,101.73,230,46.5217,0.1399
1005,10,533.71,489.84,95.27,328,24.0854,0.3123
1006,8,555.31,489.84,83.36,1349,44.848,0.1412
1007,8,594.8,489.84,70.61,2775,32.6486,0.1751
1008,10,564.13,489.84,70.61,2296,39.2857,0.139
1009,10,551.16,489.84,58.27,3874,65.2814,0.2791
1010,7,597.67,519.83,85.74,649,39.2912,0.1424
1011,8,607.03,529.82,85.74,764,25.6545,0.1402
1012,10,595.01,539.82,90.94,412,33.4951,0.1751
1013,8,588.17,549.82,93.78,293,43.68600000000001,0.1388
1014,8,565.11,519.83,95.27,505,20.9901,0.1735
1015,9,547.7,469.84,85.74,1486,11.642000000000001,0.1756
1016,9,581.03,469.84,85.74,1033,30.3001,0.1405
1017,8,604.17,529.82,90.94,367,57.4932,0.3103
1018,8,582.61,509.83,93.78,530,43.3962,0.2403
1019,9,596.47,509.83,92.34,661,44.1755,0.2445
1020,9,612.35,579.81,92.34,133,64.6617,0.3127
1021,10,596.05,559.81,95.27,180,74.4444,0.3146
1022,9,597.3,569.81,93.78,201,49.7512,0.3139
1023,9,601.5,549.82,93.78,133,79.6992,0.28300000000000003
1024,9,594.7,529.82,82.22,843,19.0985,0.2402
1025,6,609.58,529.82,82.22,797,17.4404,0.3141
1026,7,594.8,519.83,90.94,646,15.4799,0.2802
1027,7,585.32,519.83,93.78,954,20.4403,0.1743
1028,7,594.18,519.83,92.34,489,47.4438,0.1403
1029,7,592.72,529.82,92.34,410,20.0,0.24600000000000002
1030,9,595.84,559.81,92.34,199,65.3266,0.3147
1031,10,597.3,559.81,92.34,213,39.9061,0.3139
1032,7,611.29,559.81,92.34,203,31.5271,0.3481
1033,7,609.16,569.81,93.78,133,63.1579,0.3144
1034,7,602.72,569.81,95.27,145,88.2759,0.3111
1035,7,598.13,539.82,92.34,258,60.0775,0.1393
1036,11,575.81,519.83,92.34,342,37.1345,0.1389
1037,11,573.81,519.83,95.27,312,30.4487,0.1394
1038,8,586.13,549.82,96.81,124,74.1935,0.3134
1039,9,588.78,569.81,98.39,81,82.71600000000001,0.3466
1040,11,586.95,569.81,98.39,67,77.6119,0.3477
1041,11,583.61,559.81,98.39,37,70.2703,0.2399
1042,9,584.29,559.81,98.39,30,56.6667,0.3144
1043,9,582.66,559.81,98.39,57,71.9298,0.3503
1044,8,573.21,549.82,100.03,68,88.2353,0.3489
1045,9,571.38,549.82,100.03,69,84.05799999999999,0.3432
1046,8,585.72,549.82,96.81,108,82.4074,0.3136
1047,8,591.47,559.81,96.81,99,65.6566,0.2818
1048,8,583.48,529.82,95.27,253,26.087,0.3148
1049,7,586.95,529.82,95.27,311,35.0482,0.2782
1050,8,597.3,569.81,95.27,139,82.0144,0.27899999999999997
1051,9,601.67,569.81,95.27,160,83.125,0.3116
1052,8,608.13,569.81,90.94,221,75.5656,0.2741
1053,6,597.51,539.82,90.94,205,73.6585,0.3138
1054,7,581.85,539.82,98.39,175,57.1429,0.3157
1055,7,591.84,549.82,95.27,101,77.2277,0.3103
1056,8,591.64,539.82,95.27,151,58.2781,0.3449
1057,9,585.72,539.82,95.27,338,36.3905,0.3136
1058,6,600.22,549.82,93.78,334,51.497,0.2777
1059,7,615.96,569.81,89.58,231,71.8615,0.2763
1060,9,618.92,579.81,89.58,264,65.1515,0.3161
1061,8,610.43,579.81,92.34,222,63.964,0.3137
1062,7,605.84,579.81,93.78,183,71.5847,0.2751
1063,8,604.05,569.81,95.27,193,81.8653,0.2818
1064,7,592.72,509.83,95.27,439,43.0524,0.2812
1065,8,563.01,499.83,95.27,248,37.5,0.2842
1066,8,573.61,499.83,96.81,237,62.4473,0.2441
1067,8,595.01,569.81,96.81,123,86.9919,0.2801
1068,9,599.38,569.81,93.78,138,84.7826,0.3128
1069,9,602.3,579.81,93.78,147,63.9456,0.3113
1070,8,601.93,559.81,92.34,207,56.0386,0.2828
1071,9,602.57,559.81,92.34,150,70.6667,0.2119
1072,9,603.84,569.81,95.27,109,91.7431,0.2819
1073,9,607.03,559.81,93.78,239,64.4351,0.3155
1074,9,568.44,489.84,93.78,377,36.6048,0.276
1075,8,579.4,489.84,84.54,454,41.1894,0.1761
1076,8,607.24,519.83,84.54,748,21.6578,0.2102
1077,8,606.39,519.83,88.26,287,43.553999999999995,0.2456
1078,8,617.67,579.81,88.26,199,66.8342,0.31
1079,7,614.69,579.81,89.58,209,74.6411,0.2769
1080,9,629.35,589.8,89.58,259,89.1892,0.2825
1081,11,629.35,579.81,89.58,303,89.4389,0.2825
1082,9,626.75,579.81,89.58,254,75.9843,0.3122
1083,8,622.62,589.8,89.58,184,55.9783,0.3142
1084,8,609.58,569.81,93.78,123,74.7967,0.349
1085,8,601.5,569.81,93.78,205,72.1951,0.3184
1086,7,603.34,579.81,93.78,204,87.2549,0.3108
1087,9,599.18,559.81,95.27,128,86.7188,0.3129
1088,9,600.42,559.81,93.78,143,69.9301,0.2776
1089,7,610.22,579.81,93.78,197,63.4518,0.2789
1090,9,598.97,549.82,93.78,310,55.4839,0.2783
1091,9,592.72,539.82,92.34,364,68.6813,0.1757
1092,8,650.92,609.8,85.74,306,85.6209,0.2793
1093,8,660.71,629.79,85.74,396,94.4444,0.2816
1094,8,655.46,619.79,84.54,383,83.0287,0.3121
1095,9,643.88,599.8,86.99,253,88.5375,0.3177
1096,10,619.55,529.82,88.26,503,43.9364,0.1181
1097,9,603.29,529.82,89.58,506,41.6996,0.1157
1098,9,624.14,569.81,86.99,365,69.0411,0.3135
1099,7,652.96,579.81,84.54,637,58.7127,0.3133
1100,10,632.35,369.88,64.54,2321,79.4485,0.2839
1101,10,653.71,399.87,83.36,1480,77.8378,0.2186
1102,8,670.26,619.79,83.36,499,88.3768,0.2547
1103,7,664.89,619.79,84.54,342,84.5029,0.2798
1104,8,650.69,609.8,85.74,268,77.2388,0.2794
1105,9,644.45,609.8,88.26,309,85.7605,0.2759
1106,8,644.79,609.8,88.26,289,85.4671,0.282
1107,9,643.34,599.8,86.99,256,84.7656,0.2763
1108,19,560.6,309.9,42.27,43068,78.5038,0.2099
1109,13,572.51,309.9,57.16,15721,80.9872,0.2361
1110,10,615.35,329.89,58.84,11714,81.5349,0.2257
1111,9,613.63,529.82,88.26,436,39.4495,0.2774
1112,8,607.24,509.83,90.94,516,51.938,0.2803
1113,7,637.79,509.83,81.11,824,57.0388,0.1394
1114,8,662.1,609.8,81.11,409,87.5306,0.281
1115,9,647.74,599.8,84.54,411,77.3723,0.2807
1116,8,608.31,569.81,92.34,285,91.9298,0.2448
1117,8,594.59,559.81,95.27,213,76.0563,0.2803
1118,8,594.59,559.81,92.34,273,89.01100000000001,0.2453
1119,9,596.13,539.82,92.34,276,85.1449,0.3081
1120,8,601.71,539.82,92.34,188,78.7234,0.2829
1121,8,593.55,519.83,92.34,486,39.5062,0.2457
1122,9,596.88,519.83,89.58,812,39.2857,0.2792
1123,7,617.03,579.81,89.58,393,83.2061,0.2759
1124,8,621.97,579.81,90.94,272,98.1618,0.2796
1125,7,621.31,549.82,90.94,463,64.1469,0.2799
1126,8,610.43,549.82,90.94,345,74.7826,0.2788
1127,8,612.77,559.81,83.36,686,92.1283,0.2431
1128,9,678.11,569.81,69.79,1044,59.6743,0.2458
1129,8,723.76,649.78,69.79,983,46.8973,0.2073
1130,8,717.01,649.78,72.31,925,52.6486,0.2789
1131,9,762.18,659.78,71.45,832,89.7837,0.2837
1132,8,767.31,629.79,63.85,779,57.7664,0.2818
1133,8,838.54,769.74,62.52,1858,41.0118,0.1754
1134,8,811.44,739.75,62.52,1479,47.1941,0.2817
1135,9,785.85,719.76,66.69,975,53.4359,0.2828
1136,10,791.4,719.76,66.69,1224,59.4771,0.2808
1137,9,776.77,719.76,68.2,770,70.5195,0.2784
1138,10,764.61,719.76,73.2,354,82.2034,0.2828
1139,9,767.85,719.76,74.1,356,89.3258,0.2816
1140,9,771.9,729.76,73.2,365,93.6986,0.2801
1141,8,782.24,739.75,64.54,1044,56.1303,0.2841
1142,12,668.85,529.82,64.54,1719,48.5166,0.2086
1143,13,591.23,529.82,85.74,333,59.4595,0.1726
1144,9,675.49,529.82,74.1,1820,34.0659,0.282
1145,10,740.28,629.79,65.24,2759,45.7775,0.2488
1146,7,793.07,629.79,65.24,3756,47.4441,0.2452
1147,10,810.87,739.75,66.69,1049,92.5643,0.1409
1148,9,757.86,639.79,69.79,1015,64.1379,0.214
1149,9,701.47,599.8,74.1,1710,29.6491,0.3129
1150,9,633.27,579.81,74.1,1354,15.805,0.1373
1151,8,651.37,579.81,71.45,1713,43.2574,0.1396
1152,8,745.28,589.8,60.63,5802,18.0283,0.1412
1153,8,775.96,639.79,60.63,4680,18.3333,0.1393
1154,9,691.48,589.8,68.99,1714,47.6663,0.1764
1155,9,665.13,589.8,75.97,1145,30.2183,0.2098
1156,10,705.62,619.79,66.69,2383,31.8086,0.242
1157,10,679.77,579.81,66.69,2075,29.494,0.2452
1158,10,626.46,569.81,83.36,493,32.6572,0.2128
1159,10,691.72,569.81,65.24,1798,48.9433,0.141
1160,9,793.35,649.78,65.24,2073,40.7139,0.2801
1161,9,783.35,729.76,71.45,610,55.2459,0.2837
1162,10,779.74,729.76,71.45,564,69.3262,0.3206
